cmcRank,circulatingSupply,price,volume24h,fetched_on
10,88035008621.39375,0.14008570884878366,419348579.9585421,2024 02 21 - 09:41:52 AM
10,88033756596.98645,0.14008143678232135,419392531.28521776,2024 02 21 - 09:46:58 AM
10,88033756596.98645,0.14008141126168722,419190961.13134456,2024 02 21 - 09:52:00 AM
10,88033756596.98645,0.14010049164830793,419383076.0247781,2024 02 21 - 09:57:03 AM
10,88033756596.98645,0.14004130503617357,419323032.04426306,2024 02 21 - 10:02:05 AM
10,88033756596.98645,0.13991169561065261,419827753.6326326,2024 02 21 - 10:07:10 AM
10,88033756596.98645,0.1398422300639156,420059223.5564704,2024 02 21 - 10:12:12 AM
10,88033756596.98645,0.1399044954514097,420632898.8103221,2024 02 21 - 10:17:15 AM
10,88033756596.98645,0.13999185751753437,421561894.9290897,2024 02 21 - 10:22:17 AM
10,88033756596.98645,0.14003202050348032,421947553.03930557,2024 02 21 - 10:27:19 AM
10,88033756596.98645,0.1401221706407755,423171140.40537864,2024 02 21 - 10:32:22 AM
10,88033756596.98645,0.14019389278058172,423744157.64142525,2024 02 21 - 10:37:24 AM
10,88033756596.98645,0.1403608363695365,426488449.4871021,2024 02 21 - 10:42:27 AM
10,88033756596.98645,0.14036232660637382,426265945.8530485,2024 02 21 - 10:47:29 AM
10,88033756596.98645,0.1403559547156557,426409297.62395686,2024 02 21 - 10:52:32 AM
10,88033756596.98645,0.14025778288485757,427863765.168208,2024 02 21 - 10:57:34 AM
10,88033756596.98645,0.14015741723833275,428164297.6392401,2024 02 21 - 11:02:36 AM
10,88033756596.98645,0.14009030752262458,428614549.20860744,2024 02 21 - 11:07:41 AM
10,88033756596.98645,0.14009139726998374,429022721.20605266,2024 02 21 - 11:12:43 AM
10,88033756596.98645,0.13998118436230778,429627101.95210874,2024 02 21 - 11:17:49 AM
10,88033756596.98645,0.1400102079584375,429767749.735616,2024 02 21 - 11:22:51 AM
10,88033756596.98645,0.1401378267563272,430054462.5289918,2024 02 21 - 11:27:56 AM
10,88033756596.98645,0.14029598256576606,429524222.27021414,2024 02 21 - 11:32:59 AM
10,88033756596.98645,0.1404163926476234,429301910.2726868,2024 02 21 - 11:38:01 AM
10,88033756596.98645,0.1402706491370662,429689727.2046598,2024 02 21 - 11:43:03 AM
10,88033491011.59932,0.14034817365704036,430023509.88840467,2024 02 21 - 11:48:09 AM
10,88033491011.59932,0.1403262482896314,430092643.81315845,2024 02 21 - 11:53:12 AM
10,88033491011.59932,0.14029025034022377,429972263.87803364,2024 02 21 - 11:58:15 AM
10,88033491011.59932,0.14034171255689729,429805634.2281033,2024 02 21 - 12:03:18 PM
10,88033491011.59932,0.1403550100336342,429181791.86343247,2024 02 21 - 12:08:20 PM
10,88033491011.59932,0.1402508536678244,429475312.1126735,2024 02 21 - 12:14:23 PM
10,88033491011.59932,0.1402128426357009,429613408.52016395,2024 02 21 - 12:19:25 PM
10,88033491011.59932,0.1400181197125092,428866001.97300136,2024 02 21 - 12:24:27 PM
10,88033491011.59932,0.1399653377960009,429049945.4301449,2024 02 21 - 12:29:30 PM
10,88033491011.59932,0.13964849922720285,430535201.2739054,2024 02 21 - 12:34:32 PM
10,88033491011.59932,0.13949610842404037,431658279.9694446,2024 02 21 - 12:39:34 PM
10,88033491011.59932,0.13949426352652577,433298717.7778012,2024 02 21 - 12:44:37 PM
10,88033491011.59932,0.13949952774811997,433928565.50651175,2024 02 21 - 12:49:42 PM
10,88033491011.59932,0.13967560514169533,434552409.6966157,2024 02 21 - 12:54:44 PM
10,88033491011.59932,0.13981023076772034,434912008.29998404,2024 02 21 - 12:59:47 PM
10,88033491011.59932,0.13992734065807155,435629341.436956,2024 02 21 - 01:04:49 PM
10,88033491011.59932,0.139965988936851,436254556.42056745,2024 02 21 - 01:09:52 PM
10,88033491011.59932,0.14016606993514785,437434314.6464789,2024 02 21 - 01:14:54 PM
10,88033491011.59932,0.1401323509588798,437582846.64205456,2024 02 21 - 01:19:57 PM
10,88033491011.59932,0.14007035260826411,438348268.09684205,2024 02 21 - 01:25:00 PM
10,88033491011.59932,0.1400768845932467,439408161.3489589,2024 02 21 - 01:30:03 PM
10,88033491011.59932,0.14006156489183436,439377575.0112697,2024 02 21 - 01:35:06 PM
10,88033491011.59932,0.14009633543622496,439608318.9465517,2024 02 21 - 01:40:09 PM
10,88032948420.18457,0.14002679718666364,439822046.1974956,2024 02 21 - 01:45:11 PM
10,88032948420.18457,0.14004321212016005,439918678.60213464,2024 02 21 - 01:50:13 PM
10,88032948420.18457,0.14010405669408765,440163655.6126568,2024 02 21 - 01:55:16 PM
10,88032948420.18457,0.14027559556592528,439848606.6802218,2024 02 21 - 02:00:18 PM
10,88032948420.18457,0.1403620907888254,440410935.37752753,2024 02 21 - 02:05:20 PM
10,88032948420.18457,0.14035850856220528,440282489.2460415,2024 02 21 - 02:10:24 PM
10,88032948420.18457,0.14028965433670287,440037882.1052829,2024 02 21 - 02:15:26 PM
10,88032948420.18457,0.14034028642038598,443127666.8182275,2024 02 21 - 02:20:28 PM
10,88032948420.18457,0.1395210447412851,446918016.1349581,2024 02 21 - 02:25:31 PM
10,88032948420.18457,0.13961378848223946,449123547.49677044,2024 02 21 - 02:30:33 PM
10,88032948420.18457,0.139658596021043,450200808.04730356,2024 02 21 - 02:35:49 PM
10,88032948420.18457,0.13958741566054633,450233313.4170704,2024 02 21 - 02:40:54 PM
10,88032948420.18457,0.1391408964417197,453538256.9400346,2024 02 21 - 02:45:56 PM
10,88032948420.18457,0.1392081183523862,455461525.20169586,2024 02 21 - 02:50:59 PM
10,88032948420.18457,0.1392470273212486,455696329.20561016,2024 02 21 - 02:56:02 PM
10,88032948420.18457,0.139407280757092,457466788.49157166,2024 02 21 - 03:01:15 PM
10,88032948420.18457,0.13965474633622216,460511720.10287887,2024 02 21 - 03:06:28 PM
10,88032948420.18457,0.13961508723049137,461305547.3505465,2024 02 21 - 03:11:33 PM
10,88032948420.18457,0.13954870246147777,461655742.86450136,2024 02 21 - 03:16:36 PM
10,88032948420.18457,0.13971285911614387,462749165.15982175,2024 02 21 - 03:21:39 PM
10,88032948420.18457,0.1393905257451493,462216823.22586334,2024 02 21 - 03:26:41 PM
10,88032948420.18457,0.1391886049811815,464696011.1348542,2024 02 21 - 03:31:46 PM
10,88032948420.18457,0.13923620760130576,467073010.6238094,2024 02 21 - 03:36:49 PM
10,88032948420.18457,0.13918086458193837,468467680.64742565,2024 02 21 - 03:41:52 PM
10,88032111901.77127,0.13882346088904016,471113367.28160524,2024 02 21 - 03:46:55 PM
10,88032111901.77127,0.13906694892101618,472758791.686385,2024 02 21 - 03:52:00 PM
10,88032111901.77127,0.13913570395554392,472659494.72840405,2024 02 21 - 03:57:03 PM
10,88032111901.77127,0.13923617639557975,472782365.7504547,2024 02 21 - 04:02:09 PM
10,88032111901.77127,0.13915925945394783,473449424.4402624,2024 02 21 - 04:07:12 PM
10,88032111901.77127,0.1392055366312159,473164675.50556815,2024 02 21 - 04:12:18 PM
10,88032111901.77127,0.1392207654660908,473657658.72045755,2024 02 21 - 04:17:21 PM
10,88032111901.77127,0.13921834836358893,473780430.3339168,2024 02 21 - 04:22:24 PM
10,88032111901.77127,0.13922794982660738,474749908.6360611,2024 02 21 - 04:27:27 PM
10,88032111901.77127,0.13913604288550677,474356280.20536256,2024 02 21 - 04:32:33 PM
10,88032111901.77127,0.13921078486202978,473054421.697116,2024 02 21 - 04:37:36 PM
10,88032111901.77127,0.13926677720791972,472686290.77055246,2024 02 21 - 04:42:56 PM
10,88032111901.77127,0.13916385473266485,473040483.3401037,2024 02 21 - 04:47:58 PM
10,88032111901.77127,0.13918261477772978,473441525.6328982,2024 02 21 - 04:53:04 PM
10,88032111901.77127,0.1392330983925854,473875462.9167441,2024 02 21 - 04:58:06 PM
10,88032111901.77127,0.1392624655314316,474242685.77144283,2024 02 21 - 05:03:09 PM
10,88032111901.77127,0.13927108807220276,475148353.95848906,2024 02 21 - 05:08:12 PM
10,88032111901.77127,0.13920124687530358,476025452.92237777,2024 02 21 - 05:13:18 PM
10,88032111901.77127,0.1391252090097572,476193570.80817145,2024 02 21 - 05:18:21 PM
10,88032111901.77127,0.1389459018866032,476621395.1243217,2024 02 21 - 05:23:24 PM
10,88032111901.77127,0.13889217086627126,477637598.99963444,2024 02 21 - 05:28:26 PM
10,88032111901.77127,0.1389432257370652,478758239.7229383,2024 02 21 - 05:33:30 PM
10,88032111901.77127,0.13874786884717638,479244825.6195409,2024 02 21 - 05:38:32 PM
10,88032111901.77127,0.13871026640473566,480755565.00303197,2024 02 21 - 05:43:34 PM
10,88031211500.73834,0.1389332363920518,484108933.47942233,2024 02 21 - 05:48:37 PM
10,88031211500.73834,0.13907873536340612,485331073.0820753,2024 02 21 - 05:53:42 PM
10,88031211500.73834,0.13903446921225615,485759650.98687124,2024 02 21 - 05:58:44 PM
10,88031211500.73834,0.139123973383615,486417394.7652468,2024 02 21 - 06:03:48 PM
10,88031211500.73834,0.13905307062662148,487089367.71549356,2024 02 21 - 06:09:01 PM
10,88031211500.73834,0.13909238972779736,487254169.8886114,2024 02 21 - 06:14:12 PM
10,88031211500.73834,0.13913228559762986,487608005.2264647,2024 02 21 - 06:19:17 PM
10,88031211500.73834,0.13909298509708692,487653872.027013,2024 02 21 - 06:24:20 PM
10,88031211500.73834,0.13921787063903446,488318751.0977531,2024 02 21 - 06:29:23 PM
10,88031211500.73834,0.13924072064704687,488730835.2233369,2024 02 21 - 06:34:37 PM
10,88031211500.73834,0.13930083872770124,486977489.372617,2024 02 21 - 06:39:39 PM
10,88031211500.73834,0.13933479339903354,487723565.9838952,2024 02 21 - 06:44:42 PM
10,88031211500.73834,0.13929961281222,487850699.8609657,2024 02 21 - 06:49:45 PM
10,88031211500.73834,0.13919244638005748,487629168.5672704,2024 02 21 - 06:54:48 PM
10,88031211500.73834,0.13894268065785081,487846461.19130695,2024 02 21 - 06:59:51 PM
10,88031211500.73834,0.13901476083722866,488168173.46238786,2024 02 21 - 07:04:54 PM
10,88031211500.73834,0.13890256237678747,487770078.64006907,2024 02 21 - 07:09:57 PM
10,88031211500.73834,0.1388749379266647,487045549.70622915,2024 02 21 - 07:15:00 PM
10,88031211500.73834,0.1389614271066514,486078264.9141289,2024 02 21 - 07:20:04 PM
10,88031211500.73834,0.13904020920998775,485886707.72514576,2024 02 21 - 07:25:10 PM
10,88031211500.73834,0.13913913108080025,486199812.9390134,2024 02 21 - 07:30:13 PM
10,88031211500.73834,0.13925412422002717,485900372.2750385,2024 02 21 - 07:35:16 PM
10,88031211500.73834,0.13903345802387396,484601590.2355648,2024 02 21 - 07:40:20 PM
10,88031211500.73834,0.1391267038651293,484023217.82863563,2024 02 21 - 07:45:29 PM
10,88031211500.73834,0.1390830093390478,482554160.44733244,2024 02 21 - 07:50:32 PM
10,88031211500.73834,0.13898015849314793,482155810.51367813,2024 02 21 - 07:55:35 PM
10,88031211500.73834,0.13885771493740626,483402568.1599481,2024 02 21 - 08:00:38 PM
10,88031211500.73834,0.13885847632111792,485704128.0423955,2024 02 21 - 08:05:44 PM
10,88031211500.73834,0.1389725760914501,487143771.2939981,2024 02 21 - 08:10:48 PM
10,88031211500.73834,0.1392433074883262,487631791.30285233,2024 02 21 - 08:15:53 PM
10,88031211500.73834,0.13911204725766815,485110162.1208356,2024 02 21 - 08:20:58 PM
10,88031211500.73834,0.13912436510051568,485501606.6542525,2024 02 21 - 08:26:03 PM
10,88031211500.73834,0.13897138138488738,485985426.8374591,2024 02 21 - 08:31:47 PM
10,88031211500.73834,0.13889996650848915,484600405.6893507,2024 02 21 - 08:36:50 PM
10,88031211500.73834,0.13894814894602192,483606912.27315986,2024 02 21 - 08:41:54 PM
10,88031211500.73834,0.13894370416220753,483458927.51488817,2024 02 21 - 08:46:57 PM
10,88031211500.73834,0.13919269647340718,484101704.9570351,2024 02 21 - 08:52:01 PM
10,88031211500.73834,0.13921581428861798,483836573.76696694,2024 02 21 - 08:57:05 PM
10,88031211500.73834,0.13927768307887112,484371318.2693162,2024 02 21 - 09:02:10 PM
10,88031211500.73834,0.13933373708244448,480689340.49781936,2024 02 21 - 09:07:16 PM
10,88031211500.73834,0.1393758151123923,479518993.041592,2024 02 21 - 09:12:21 PM
10,88031211500.73834,0.13928397783661917,478233744.92202866,2024 02 21 - 09:17:26 PM
10,88031211500.73834,0.13924173194560002,477619035.87460214,2024 02 21 - 09:22:32 PM
10,88029157593.18701,0.1394050259402915,473439968.8377513,2024 02 21 - 10:19:38 PM
10,88027735354.99974,0.13896139740944863,414992752.54408616,2024 02 22 - 09:39:27 AM
10,88027735354.99974,0.13896139740944863,414992752.54408616,2024 02 22 - 09:40:12 AM
10,88027614948.25964,0.1390274882083237,414466837.5265681,2024 02 22 - 09:45:18 AM
10,88027614948.25964,0.13899982806389613,414036094.7870268,2024 02 22 - 09:50:22 AM
10,88027614948.25964,0.13908114413286438,413893022.06610096,2024 02 22 - 09:55:39 AM
10,88027614948.25964,0.13906914924793154,413567501.30245155,2024 02 22 - 10:00:51 AM
10,88027614948.25964,0.13893842984656252,412914860.3083968,2024 02 22 - 10:05:54 AM
10,88027614948.25964,0.1389827157728572,412963245.5407611,2024 02 22 - 10:10:57 AM
10,88027614948.25964,0.13894582036949374,412887886.38420814,2024 02 22 - 10:16:03 AM
10,88027614948.25964,0.1389703932222096,412030975.733642,2024 02 22 - 10:21:05 AM
10,88027614948.25964,0.1390017349654608,411803081.87917006,2024 02 22 - 10:26:09 AM
10,88027614948.25964,0.13894925478301226,411502360.87837374,2024 02 22 - 10:31:12 AM
10,88027614948.25964,0.1389911855426331,409094113.5385235,2024 02 22 - 10:36:17 AM
10,88027614948.25964,0.13895361189134203,408065974.587255,2024 02 22 - 10:41:21 AM
10,88027614948.25964,0.13900406102592588,407670281.1855341,2024 02 22 - 10:46:24 AM
10,88027614948.25964,0.13902964594803746,407275556.8534819,2024 02 22 - 10:51:27 AM
10,88027614948.25964,0.13913342377913793,407324699.45634866,2024 02 22 - 10:56:29 AM
10,88027614948.25964,0.13910199621334243,407163265.1921567,2024 02 22 - 11:01:31 AM
10,88027614948.25964,0.13909895728346316,406969923.459973,2024 02 22 - 11:06:36 AM
10,88027614948.25964,0.13903881128814743,406083010.6028904,2024 02 22 - 11:11:38 AM
10,88027614948.25964,0.1390013358409145,405691937.4612719,2024 02 22 - 11:16:40 AM
10,88027614948.25964,0.1390735487028583,405852960.0521396,2024 02 22 - 11:21:43 AM
10,88027614948.25964,0.13899052329394265,405590537.3854565,2024 02 22 - 11:26:53 AM
10,88027614948.25964,0.1389204195246876,405154316.59869295,2024 02 22 - 11:31:56 AM
10,88027614948.25964,0.13893179537656503,402802593.4655144,2024 02 22 - 11:37:01 AM
10,88027614948.25964,0.13888988539307529,402415022.9602772,2024 02 22 - 11:42:04 AM
10,88027321013.25746,0.13891265347326193,401404943.804992,2024 02 22 - 11:47:08 AM
10,88027321013.25746,0.13885090279172888,400810101.51762235,2024 02 22 - 11:52:13 AM
10,88027321013.25746,0.13893634481187872,400996159.6366236,2024 02 22 - 11:57:15 AM
10,88027321013.25746,0.13903571995679764,401533473.39791566,2024 02 22 - 12:02:17 PM
10,88027321013.25746,0.13905538259780528,401989842.62393934,2024 02 22 - 12:07:23 PM
10,88027321013.25746,0.13905940968611055,402152578.0948767,2024 02 22 - 12:12:26 PM
10,88027321013.25746,0.1390924882885771,401929094.59040374,2024 02 22 - 12:17:31 PM
10,88027321013.25746,0.13914199882508382,402309790.8415535,2024 02 22 - 12:22:34 PM
10,88027321013.25746,0.13943539862048365,403374218.63161564,2024 02 22 - 12:27:42 PM
10,88027321013.25746,0.13950833664928308,403400155.909076,2024 02 22 - 12:32:44 PM
10,88027321013.25746,0.13947381041086307,398654765.07934934,2024 02 22 - 12:37:47 PM
10,88027321013.25746,0.1394730678005885,397708741.8563749,2024 02 22 - 12:42:51 PM
10,88027321013.25746,0.1395170523342056,397477720.62237984,2024 02 22 - 12:47:57 PM
10,88027321013.25746,0.13958149377550086,397182935.7467015,2024 02 22 - 12:53:01 PM
10,88027321013.25746,0.13963868100438792,397738005.4121114,2024 02 22 - 12:58:08 PM
10,88027321013.25746,0.13965427595380875,398203589.64459276,2024 02 22 - 01:03:11 PM
10,88027321013.25746,0.13965346274394777,398548394.3750106,2024 02 22 - 01:08:17 PM
10,88027321013.25746,0.13965185837475097,397507483.2254517,2024 02 22 - 01:13:20 PM
10,88027321013.25746,0.13961125856665813,398187003.5424547,2024 02 22 - 01:18:24 PM
10,88027321013.25746,0.13962630674721976,397908071.9546468,2024 02 22 - 01:23:27 PM
10,88027321013.25746,0.13948793651362346,396993094.56516826,2024 02 22 - 01:28:30 PM
10,88027321013.25746,0.1395576680261442,396371273.05492514,2024 02 22 - 01:33:33 PM
10,88027321013.25746,0.13954060562469917,395633951.9098742,2024 02 22 - 01:38:37 PM
10,88026726732.0269,0.13951623253779502,396109853.38175946,2024 02 22 - 01:43:40 PM
10,88026726732.0269,0.13960616389803443,396404146.37838376,2024 02 22 - 01:48:47 PM
10,88026726732.0269,0.13967995552094697,396755914.1809856,2024 02 22 - 01:53:50 PM
10,88026726732.0269,0.13977895735431523,397038309.84612316,2024 02 22 - 01:58:53 PM
10,88026726732.0269,0.13946457924693018,397083135.96395844,2024 02 22 - 02:03:56 PM
10,88025013976.16693,0.1399489910637651,348236025.0253888,2024 02 22 - 07:08:32 PM
10,88025013976.16693,0.13990006610853428,348533009.817305,2024 02 22 - 07:13:40 PM
10,88025013976.16693,0.13983668204611907,348542695.8271196,2024 02 22 - 07:18:44 PM
10,88025013976.16693,0.13951641318073,349698962.9939485,2024 02 22 - 07:23:46 PM
10,88025013976.16693,0.13964971166411694,349674654.4903564,2024 02 22 - 07:28:49 PM
10,88025013976.16693,0.13961191777165416,348355041.8666682,2024 02 22 - 07:33:54 PM
10,88025013976.16693,0.13953903590202144,347831152.4883863,2024 02 22 - 07:38:57 PM
10,88023991616.73912,0.13958420296611287,347878507.7232104,2024 02 22 - 07:43:59 PM
10,88023991616.73912,0.13962188455258256,347785803.6455532,2024 02 22 - 07:49:02 PM
10,88023991616.73912,0.1395410358925931,346878012.99769515,2024 02 22 - 07:54:08 PM
10,88023991616.73912,0.1395205614846806,346130690.33731836,2024 02 22 - 07:59:11 PM
10,88023991616.73912,0.13952172756822007,342410760.1653033,2024 02 22 - 08:04:13 PM
10,88023991616.73912,0.13952484246719435,341522049.4787753,2024 02 22 - 08:09:16 PM
10,88023991616.73912,0.1396418548753845,339365423.76493853,2024 02 22 - 08:14:23 PM
10,88023991616.73912,0.1396358740747495,338802915.0996962,2024 02 22 - 08:19:26 PM
10,88023991616.73912,0.13966419536475297,338105505.09259844,2024 02 22 - 08:24:29 PM
10,88023991616.73912,0.1397208102658926,336309889.2630341,2024 02 22 - 08:29:31 PM
10,88023991616.73912,0.13976606442588763,334562853.81471103,2024 02 22 - 08:34:36 PM
10,88023991616.73912,0.13965000174229428,334611753.789454,2024 02 22 - 08:39:39 PM
10,88023991616.73912,0.1395626270262714,333701108.65859765,2024 02 22 - 08:44:42 PM
10,88023991616.73912,0.13958082083836912,332510775.7551557,2024 02 22 - 08:49:44 PM
10,88023991616.73912,0.13954661018386783,331407728.30107373,2024 02 22 - 08:54:50 PM
10,88023991616.73912,0.1395808701210386,330427389.86344594,2024 02 22 - 08:59:52 PM
10,88023991616.73912,0.13962336520741617,328498901.57069474,2024 02 22 - 09:04:56 PM
10,88023991616.73912,0.13975331029989146,329216157.74898916,2024 02 22 - 09:09:59 PM
10,88023991616.73912,0.1397331095683483,328925701.45050704,2024 02 22 - 09:15:02 PM
10,88023991616.73912,0.13971745115110765,328557728.03094965,2024 02 22 - 09:20:05 PM
10,88023991616.73912,0.1396408236321624,327688532.5153118,2024 02 22 - 09:25:08 PM
10,88023991616.73912,0.13959508098713097,327010188.1088985,2024 02 22 - 09:30:10 PM
10,88023991616.73912,0.13956313723507602,326141252.3872336,2024 02 22 - 09:35:16 PM
10,88023991616.73912,0.13958734610894544,326045902.2636621,2024 02 22 - 09:40:19 PM
10,88022920009.20564,0.13958232035838938,326331225.8087716,2024 02 22 - 09:45:22 PM
10,88022920009.20564,0.13960617487496615,326395104.25739354,2024 02 22 - 09:50:24 PM
10,88022920009.20564,0.1394644243830426,326627072.4998163,2024 02 22 - 09:55:27 PM
10,88022920009.20564,0.1394128735139053,326289594.4586143,2024 02 22 - 10:00:33 PM
10,88022920009.20564,0.1394059859213042,326210405.0510881,2024 02 22 - 10:05:36 PM
10,88022920009.20564,0.1395484926262122,326121689.5030099,2024 02 22 - 10:10:39 PM
10,88022920009.20564,0.13955596336593873,325584191.7665436,2024 02 22 - 10:15:45 PM
10,88022920009.20564,0.13943186789145823,325321616.3228587,2024 02 22 - 10:20:49 PM
10,88022920009.20564,0.13942247072338088,325135582.7998315,2024 02 22 - 10:25:51 PM
10,88021609416.56311,0.13845852616771137,303355979.75169647,2024 02 23 - 08:46:35 AM
10,88021609416.56311,0.1384532179333083,303260227.4125531,2024 02 23 - 08:51:44 AM
10,88021609416.56311,0.138440532289987,303284335.15941715,2024 02 23 - 08:56:47 AM
10,88021609416.56311,0.13846083172893298,303412593.42443466,2024 02 23 - 09:01:51 AM
10,88021609416.56311,0.13848885279114764,304125866.45993996,2024 02 23 - 09:06:55 AM
10,88021609416.56311,0.13848057754147047,304120024.6752996,2024 02 23 - 09:12:01 AM
10,88021609416.56311,0.13855074288392158,304264021.63484144,2024 02 23 - 09:17:06 AM
10,88021609416.56311,0.13858468560823525,304364917.61975783,2024 02 23 - 09:22:08 AM
10,88021609416.56311,0.13858924016172913,304571839.75303024,2024 02 23 - 09:27:11 AM
10,88021609416.56311,0.13862616507587316,304714172.83813673,2024 02 23 - 09:32:15 AM
10,88021609416.56311,0.1386636744880044,303860820.2647701,2024 02 23 - 09:37:19 AM
10,88021609416.56311,0.1385462303934792,303539601.10630196,2024 02 23 - 09:42:23 AM
10,88021491499.4618,0.1385608858329786,303644069.70340616,2024 02 23 - 09:47:26 AM
10,88021491499.4618,0.1385556241181907,304061241.9009444,2024 02 23 - 09:52:28 AM
10,88021491499.4618,0.1386756871929491,304222832.72672564,2024 02 23 - 09:57:31 AM
10,88021491499.4618,0.13870870545532402,304648764.15256804,2024 02 23 - 10:02:36 AM
10,88021491499.4618,0.1387552823347185,305328566.95449007,2024 02 23 - 10:07:39 AM
10,88021491499.4618,0.13885577817903952,305156261.0100448,2024 02 23 - 10:12:42 AM
10,88021491499.4618,0.13889093974794317,305178245.4509631,2024 02 23 - 10:17:45 AM
10,88021491499.4618,0.13890622896611304,305007322.97288746,2024 02 23 - 10:22:48 AM
10,88021491499.4618,0.1388900545369453,305167640.23218286,2024 02 23 - 10:27:51 AM
10,88021491499.4618,0.13890540936305407,305010436.290675,2024 02 23 - 10:32:54 AM
10,88021491499.4618,0.13878869262659338,304528805.4119274,2024 02 23 - 10:37:57 AM
10,88021491499.4618,0.13880150167325128,304467616.8373797,2024 02 23 - 10:43:03 AM
10,88021491499.4618,0.1388077617549487,304440235.4327603,2024 02 23 - 10:48:07 AM
10,88021491499.4618,0.13882688894779624,304101681.56461143,2024 02 23 - 10:53:14 AM
10,88021491499.4618,0.13881344901264242,303388574.01963043,2024 02 23 - 10:58:17 AM
10,88021491499.4618,0.13882451195841314,302848633.18520254,2024 02 23 - 11:03:20 AM
10,88021491499.4618,0.13883851207952003,302771058.79479104,2024 02 23 - 11:08:23 AM
10,88021491499.4618,0.1388381030034232,302762986.2097358,2024 02 23 - 11:13:29 AM
10,88021491499.4618,0.13877165545546813,302445261.20332134,2024 02 23 - 11:18:32 AM
10,88021491499.4618,0.13871169971242778,302057078.6318342,2024 02 23 - 11:23:35 AM
10,88021491499.4618,0.13870901378187317,301876888.8421836,2024 02 23 - 11:28:38 AM
10,88021491499.4618,0.13882556956691644,300966580.5766779,2024 02 23 - 11:33:41 AM
10,88021491499.4618,0.1388604127689685,300736538.2339047,2024 02 23 - 11:38:45 AM
10,88021491499.4618,0.13884877134096754,300616866.5877568,2024 02 23 - 11:43:48 AM
10,88021491499.4618,0.13886389603043467,300304882.36897796,2024 02 23 - 11:48:51 AM
10,88021491499.4618,0.1388264870442367,300474768.67800766,2024 02 23 - 11:53:56 AM
10,88021491499.4618,0.13876508421984987,300551789.24626905,2024 02 23 - 11:59:01 AM
10,88021491499.4618,0.13869090019951474,299301676.0918833,2024 02 23 - 12:04:04 PM
10,88021491499.4618,0.13871766979080485,298316985.7068612,2024 02 23 - 12:09:07 PM
10,88021491499.4618,0.13879766673357607,298236590.55884093,2024 02 23 - 12:14:10 PM
10,88021491499.4618,0.13880956239389639,298005371.2914187,2024 02 23 - 12:19:13 PM
10,88021491499.4618,0.13884880807870117,297306728.6200783,2024 02 23 - 12:24:16 PM
10,88021491499.4618,0.13882134290603682,295924263.36768717,2024 02 23 - 12:29:21 PM
10,88021491499.4618,0.13872070322168076,293422893.85639405,2024 02 23 - 12:34:27 PM
10,88021491499.4618,0.13869309610034009,292869481.2349844,2024 02 23 - 12:39:30 PM
10,88021491499.4618,0.1387010082579987,291670554.6746531,2024 02 23 - 12:44:33 PM
10,88021491499.4618,0.13884413308973217,291175523.2005382,2024 02 23 - 12:49:36 PM
10,88021491499.4618,0.13878590171455543,290260772.79521877,2024 02 23 - 12:54:42 PM
10,88021491499.4618,0.1386780212460989,289373498.2538121,2024 02 23 - 12:59:45 PM
10,88021491499.4618,0.1385977683175603,288921950.39574736,2024 02 23 - 01:04:48 PM
10,88021491499.4618,0.13848876173481894,289114586.3621622,2024 02 23 - 01:09:52 PM
10,88021491499.4618,0.13851483438864623,288895154.9697387,2024 02 23 - 01:14:58 PM
10,88021491499.4618,0.1384615233456173,287889047.66876566,2024 02 23 - 01:20:01 PM
10,88021491499.4618,0.13836983541638703,288300241.55735445,2024 02 23 - 01:25:05 PM
10,88021491499.4618,0.138317746839853,288987282.6373981,2024 02 23 - 01:30:08 PM
10,88021491499.4618,0.1382996442009605,288606423.88193303,2024 02 23 - 01:35:14 PM
10,88021491499.4618,0.13832465128869245,288141465.7423407,2024 02 23 - 01:40:18 PM
10,88020661477.91615,0.13838334848114228,288250688.8881781,2024 02 23 - 01:45:21 PM
10,88020661477.91615,0.1384893867473668,287634606.24024457,2024 02 23 - 01:50:24 PM
10,88020661477.91615,0.13843790880233822,286823207.74112886,2024 02 23 - 01:55:30 PM
10,88020661477.91615,0.13849240894517656,286546801.0266375,2024 02 23 - 02:00:33 PM
10,88020661477.91615,0.13852345042676575,285644085.9463156,2024 02 23 - 02:05:37 PM
10,88020661477.91615,0.13848459584474374,284998434.786391,2024 02 23 - 02:10:40 PM
10,88020661477.91615,0.13853204553219844,285257092.6000827,2024 02 23 - 02:15:44 PM
10,88020661477.91615,0.13837396834455537,285579331.4095289,2024 02 23 - 02:20:47 PM
10,88020661477.91615,0.13820812033125396,286427373.5436828,2024 02 23 - 02:27:52 PM
10,88020661477.91615,0.13835945525182805,286604871.98703235,2024 02 23 - 02:33:03 PM
10,88020661477.91615,0.1383666053034701,285430620.7706407,2024 02 23 - 02:38:12 PM
10,88020661477.91615,0.13836279988810363,285351636.6842211,2024 02 23 - 02:43:18 PM
10,88020661477.91615,0.1384706290978732,285279849.63519096,2024 02 23 - 02:48:47 PM
10,88020661477.91615,0.13850128724784944,285440597.7850251,2024 02 23 - 02:53:52 PM
10,88020661477.91615,0.1383908240504142,285502328.40409356,2024 02 23 - 02:59:06 PM
10,88020661477.91615,0.1383628375912953,285484322.0951728,2024 02 23 - 03:04:13 PM
10,88020661477.91615,0.13841559987218482,285461485.83753955,2024 02 23 - 03:09:19 PM
10,88020661477.91615,0.1384263827992421,285633318.18651825,2024 02 23 - 03:14:23 PM
10,88020661477.91615,0.13839920729247268,284433476.08436495,2024 02 23 - 03:20:04 PM
10,88020661477.91615,0.1384141355199284,283645786.80514544,2024 02 23 - 03:25:07 PM
10,88020661477.91615,0.13853690783124342,283386953.40903014,2024 02 23 - 03:30:11 PM
10,88020661477.91615,0.13858632225430206,282389943.52807945,2024 02 23 - 03:35:15 PM
10,88020661477.91615,0.13853424463529895,281345400.016236,2024 02 23 - 03:40:21 PM
10,88020661477.91615,0.13849731940835028,280978160.2169425,2024 02 23 - 03:45:25 PM
10,88020661477.91615,0.13838767263477647,278052294.0498751,2024 02 23 - 03:50:29 PM
10,88020661477.91615,0.1384485644268355,277687282.99345136,2024 02 23 - 03:55:33 PM
10,88020661477.91615,0.13845779739347208,277681357.42407215,2024 02 23 - 04:00:40 PM
10,88020661477.91615,0.13849378784055338,276427154.12771237,2024 02 23 - 04:05:44 PM
10,88020661477.91615,0.13845261075942955,275682825.54441357,2024 02 23 - 04:10:48 PM
10,88020661477.91615,0.1384611252807027,275443701.1332781,2024 02 23 - 04:15:52 PM
10,88020661477.91615,0.1384960801219581,275046910.01178885,2024 02 23 - 04:20:57 PM
10,88020661477.91615,0.13859423142796612,274606126.908639,2024 02 23 - 04:26:01 PM
10,88020661477.91615,0.13862647712242848,274143449.40567243,2024 02 23 - 04:31:06 PM
10,88020661477.91615,0.13863127561202546,273330916.1968871,2024 02 23 - 04:36:10 PM
10,88020661477.91615,0.13862104358558588,272141137.56562483,2024 02 23 - 04:41:13 PM
10,88020661477.91615,0.1386805095313121,271985829.5746491,2024 02 23 - 04:46:17 PM
10,88020661477.91615,0.1387041052270642,271680113.3330992,2024 02 23 - 04:51:21 PM
10,88020661477.91615,0.13870545401560913,271188537.7088274,2024 02 23 - 04:56:25 PM
10,88020661477.91615,0.13871982268947075,270823180.10216266,2024 02 23 - 05:01:29 PM
10,88020661477.91615,0.1386841965768445,269855679.93820775,2024 02 23 - 05:06:33 PM
10,88020661477.91615,0.1387254520159758,270017521.85650283,2024 02 23 - 05:11:44 PM
10,88020661477.91615,0.13870882970656198,270162154.4289277,2024 02 23 - 05:16:48 PM
10,88020661477.91615,0.13871006540859535,269968873.91632974,2024 02 23 - 05:21:55 PM
10,88020661477.91615,0.1387041271660746,269551661.57172793,2024 02 23 - 05:26:59 PM
10,88020661477.91615,0.13874086230185068,269410456.6306599,2024 02 23 - 05:32:03 PM
10,88020661477.91615,0.13884119990867655,269391974.0660354,2024 02 23 - 05:37:11 PM
10,88020661477.91615,0.138890918578503,269448038.02548575,2024 02 23 - 05:42:17 PM
10,88019055667.51405,0.13892369034134333,269654751.7582895,2024 02 23 - 05:47:21 PM
10,88019055667.51405,0.13892677612964585,270035257.0209991,2024 02 23 - 05:52:25 PM
10,88019055667.51405,0.13890828877859565,270348623.4442069,2024 02 23 - 05:57:28 PM
10,88019055667.51405,0.1388029991887858,270611514.1957539,2024 02 23 - 06:02:32 PM
10,88019055667.51405,0.13886657384719717,270686251.70431465,2024 02 23 - 06:07:35 PM
10,88019055667.51405,0.13886979077235062,270130319.10943174,2024 02 23 - 06:12:39 PM
10,88019055667.51405,0.13895414793642458,269535111.39125806,2024 02 23 - 06:17:43 PM
10,88019055667.51405,0.13898059566372692,269424590.3420247,2024 02 23 - 06:22:46 PM
10,88019055667.51405,0.13889526815775144,270273148.0431541,2024 02 23 - 06:27:49 PM
10,88019055667.51405,0.1387910305052494,270412760.0703309,2024 02 23 - 06:32:53 PM
10,88019055667.51405,0.13880876997342873,269124498.8643213,2024 02 23 - 06:37:56 PM
10,88019055667.51405,0.13890217987664483,268774417.11756235,2024 02 23 - 06:43:03 PM
10,88019055667.51405,0.13887130847882947,268546273.9065037,2024 02 23 - 06:48:07 PM
10,88019055667.51405,0.13886045436948818,267370981.0839327,2024 02 23 - 06:53:11 PM
10,88019055667.51405,0.13890986092562768,266788004.09647575,2024 02 23 - 06:58:15 PM
10,88019055667.51405,0.1389093098267932,265956287.2112186,2024 02 23 - 07:03:21 PM
10,88019055667.51405,0.13892440318733962,264985542.53456977,2024 02 23 - 07:08:25 PM
10,88019055667.51405,0.13891398833626148,264578383.5730062,2024 02 23 - 07:13:29 PM
10,88019055667.51405,0.13901156391427297,263755498.50702587,2024 02 23 - 07:18:33 PM
10,88019055667.51405,0.13916032069411993,263619005.8792149,2024 02 23 - 07:23:40 PM
10,88019055667.51405,0.13918024229627562,263316988.9598191,2024 02 23 - 07:28:46 PM
10,88019055667.51405,0.13910967846173242,263751959.32628128,2024 02 23 - 07:33:50 PM
10,88019055667.51405,0.1391008248516959,263388679.01649544,2024 02 23 - 07:38:53 PM
10,88018200143.1564,0.13892915402028744,263374490.47943714,2024 02 23 - 07:44:00 PM
10,88018200143.1564,0.1389668756086161,263173826.8809886,2024 02 23 - 07:49:05 PM
10,88018200143.1564,0.1390143849707985,263005992.77617022,2024 02 23 - 07:54:12 PM
10,88018200143.1564,0.13917391170009635,264547711.8107648,2024 02 23 - 07:59:15 PM
10,88018200143.1564,0.13921750221375487,264980195.88313538,2024 02 23 - 08:04:22 PM
10,88018200143.1564,0.13920659908978095,265063103.17501518,2024 02 23 - 08:09:27 PM
10,88018200143.1564,0.13892482400708897,266157571.2175121,2024 02 23 - 08:14:35 PM
10,88018200143.1564,0.13881440390104458,266575093.84570113,2024 02 23 - 08:19:39 PM
10,88018200143.1564,0.13883465577545448,267538865.9007718,2024 02 23 - 08:24:46 PM
10,88018200143.1564,0.13896464743359196,267970743.00245106,2024 02 23 - 08:29:51 PM
10,88018200143.1564,0.13901841305622764,268276091.94885144,2024 02 23 - 08:34:57 PM
10,88018200143.1564,0.13891677703149305,268280128.96009797,2024 02 23 - 08:40:01 PM
10,88018200143.1564,0.13882649176183376,268536249.46638876,2024 02 23 - 08:45:07 PM
10,88018200143.1564,0.13872947489019535,269054043.4471123,2024 02 23 - 08:50:11 PM
10,88018200143.1564,0.1386799537635192,270237640.0573271,2024 02 23 - 08:55:18 PM
10,88018200143.1564,0.13864747161318902,272104911.3754192,2024 02 23 - 09:00:28 PM
10,88018200143.1564,0.1386487366509586,272462027.1020124,2024 02 23 - 09:06:45 PM
10,88018200143.1564,0.13879159608407152,272678136.6782766,2024 02 23 - 09:11:49 PM
10,88018200143.1564,0.13881316345870698,272796442.5777397,2024 02 23 - 09:16:57 PM
10,88018200143.1564,0.13880801683960317,272982308.382187,2024 02 23 - 09:22:01 PM
10,88018200143.1564,0.1385041043970081,274299360.3190372,2024 02 23 - 09:27:07 PM
10,88018200143.1564,0.1384131085273436,275050935.13939834,2024 02 23 - 09:32:11 PM
10,88018200143.1564,0.1384052548941776,275061754.36228675,2024 02 23 - 09:37:22 PM
10,88018200143.1564,0.1377176355284316,278589275.7869046,2024 02 23 - 09:42:32 PM
10,88017270761.44444,0.1378269658864781,282961064.09012514,2024 02 23 - 09:48:50 PM
10,88017270761.44444,0.13865172685720303,287802125.53465056,2024 02 23 - 10:30:23 PM
10,88017270761.44444,0.13865172685720303,287802125.53465056,2024 02 23 - 10:31:17 PM
10,88017270761.44444,0.13854348746171596,288233711.3247221,2024 02 23 - 10:32:24 PM
10,88017270761.44444,0.13859699730130015,288283413.92116344,2024 02 23 - 10:37:28 PM
